intrinsic_dim,observed_dim,model,n,test_mean,test_std,train_mean,train_std,gap_mean,gap_std,snr_mean,snr_std,contrast_mean,contrast_std,test_se,train_se,gap_se,test_ci_low,test_ci_high,train_ci_low,train_ci_high,gap_ci_low,gap_ci_high,snr_se,contrast_se,snr_ci_low,snr_ci_high,contrast_ci_low,contrast_ci_high
64,16,knn_k11,20,0.6004166666666666,0.02932912150782994,0.6912708333333334,0.023132940789303093,0.09085416666666661,0.022144476345182306,0.6003172846608384,0.023983072410539968,1.6081029281192785,0.049064869327457614,0.006558190941185887,0.005172682812435935,0.0049516554433963736,0.5875626124219423,0.6132707209113909,0.6811323750209589,0.7014092916457079,0.08114892199760972,0.1005594113357235,0.005362778021926711,0.01097123831233396,0.5898062397378621,0.6108283295838148,1.586599301027104,1.629606555211453
64,32,knn_k11,20,0.5773333333333334,0.02240901030144033,0.6866875,0.019981934000579363,0.10935416666666661,0.0220895286741656,1.8466153623181722,0.08100040211512703,0.9302305204793961,0.022776597648882065,0.005010807034251363,0.004468096274720977,0.004939368770636508,0.5675121515462007,0.587154515120466,0.6779300313015469,0.6954449686984531,0.09967300387621905,0.11903532945711418,0.018112240533424178,0.005093002063906218,1.8111153708726608,1.8821153537636837,0.92024823643414,0.9402128045246523
64,64,knn_k11,20,0.5822499999999999,0.028619683039997852,0.6949166666666666,0.01744697480437686,0.11266666666666665,0.023022443283388535,17.084542671070473,0.8910970374033794,0.5726577940426866,0.009554729062992307,0.006399555677193303,0.0039012621664312754,0.005147974818979021,0.5697068708727011,0.5947931291272988,0.6872701928204613,0.7025631405128719,0.10257663602146777,0.12275669731186553,0.1992553550182629,0.0021365023691443667,16.694002175234676,17.47508316690627,0.5684702493991636,0.5768453386862096
64,128,knn_k11,20,0.53075,0.01767539506328712,0.6436041666666668,0.017036615087950128,0.11285416666666663,0.014477545504345993,21.016396832658764,1.0811851324732202,0.36848865497854566,0.0049776199929813855,0.003952338489067419,0.003809502944315504,0.0032372775895064118,0.5230034165614279,0.5384965834385722,0.6361375408958083,0.6510707924375252,0.10650910259123406,0.1191992307420992,0.24176034524722356,0.0011130296670468403,20.542546555974205,21.490247109343322,0.36630711683113387,0.37067019312595745
64,256,knn_k11,20,0.4803333333333333,0.025947540419106577,0.5970625,0.018310629382733236,0.11672916666666662,0.02340811754723697,32.77282051036454,1.6598589869025588,0.23998098971791118,0.004284293303938163,0.0058020464226045685,0.004094381201059653,0.0052342142060927506,0.4689613223450283,0.49170534432163826,0.5890375128459231,0.605087487154077,0.10647010682272483,0.1269882265106084,0.37115575277780544,0.0009579971063152898,32.04535523492004,33.50028578580904,0.23810331538953322,0.24185866404628914
64,512,knn_k11,20,0.42424999999999996,0.014022486119054064,0.5616458333333333,0.014895760489332357,0.13739583333333333,0.021391161258116867,105.84469602299575,5.236737259982265,0.15314449261382465,0.002236621958696584,0.0031355232175752095,0.003330793303070268,0.004783209069080923,0.41810437449355253,0.4303956255064474,0.5551174784593156,0.568174188207351,0.12802074355793472,0.14677092310873194,1.1709700493626332,0.0005001238739614289,103.54959472624499,108.1397973197465,0.15216424982086024,0.15412473540678906
64,768,knn_k11,20,0.3973333333333333,0.021222849872840975,0.5484583333333333,0.013338198125675205,0.15112499999999995,0.024359897480555157,123920204458713.38,6014647357990.34,0.11365517530431964,0.0014025738362069284,0.0047455734991945185,0.002982511770637004,0.005447038669144719,0.38803200927491205,0.4066346573917546,0.5426126102628848,0.5543040564037818,0.1404488042084763,0.1618011957915236,1344916035315.5913,0.00031362504412213476,121284169029494.81,126556239887931.94,0.11304047021784025,0.11426988039079902
256,16,knn_k11,20,0.593,0.028183816018774278,0.693875,0.01926419693695355,0.10087499999999998,0.02011112221737277,0.14508965029140222,0.0030281609694241232,1.5815172365596293,0.01870970147806351,0.006302092848332677,0.004307605388297137,0.004496983638185181,0.5806478980172679,0.605352101982732,0.6854320934389376,0.7023179065610624,0.09206091206915702,0.10968908793084294,0.0006771173774444001,0.00418361643436783,0.1437625002316112,0.14641680035119325,1.5733173483482683,1.5897171247709903
256,32,knn_k11,20,0.5705,0.0200080393199059,0.6805208333333334,0.013589826641936774,0.11002083333333332,0.02332764459162094,0.3111405829979862,0.0069208201744225106,0.9217218495441288,0.016512252505870323,0.004473933601579825,0.003038777617380832,0.005216219906181974,0.5617310901409035,0.5792689098590965,0.6745648292032669,0.6864768374633998,0.09979704231721664,0.12024462434944999,0.0015475424370060683,0.0036922519064767284,0.3081073998214543,0.3141737661745181,0.9144850358074345,0.9289586632808232
256,64,knn_k11,20,0.538,0.02142305693455191,0.6609166666666667,0.014544497160810256,0.12291666666666663,0.021476050852843456,0.7467804915607577,0.018359405393830474,0.57493568265313,0.010110651883837373,0.004790341159150634,0.003252248435012442,0.00480219095952003,0.5286109313280648,0.5473890686719353,0.6545422597340423,0.6672910735992911,0.11350437238600737,0.13232896094732588,0.004105287848708124,0.0022608104909096673,0.7387341273772897,0.7548268557442256,0.5705044940909471,0.5793668712153129
256,128,knn_k11,20,0.5011666666666666,0.019414680645362246,0.6361041666666667,0.012017192697200025,0.13493749999999996,0.021092369864964645,2.407676399317274,0.0811977853436063,0.3706858504389475,0.005481571476549983,0.004341254568447947,0.00268712597696533,0.0047163972824629,0.49265780771250867,0.5096755256208246,0.6308373997518146,0.6413709335815188,0.12569336132637268,0.14418163867362724,0.01815637676507398,0.0012257166445089655,2.3720899008577288,2.443262897776819,0.3682834458157099,0.37308825506218507
256,256,knn_k11,20,0.47483333333333333,0.020497468107803198,0.6197291666666667,0.009374902533606412,0.1448958333333333,0.01981127837195252,100.00714619242419,3.0452870487342283,0.23943256503598262,0.004371383635335877,0.0045833732055681935,0.002096291934757894,0.004429936516085719,0.4658499218504197,0.483816744816247,0.6156204344745412,0.6238378988587922,0.1362131577618053,0.15357850890486133,0.6809468851969449,0.0009774710964341174,98.67249029743817,101.3418020874102,0.23751672168697174,0.2413484083849935
256,512,knn_k11,20,0.4340833333333333,0.020264876132815662,0.5737916666666667,0.010101730353773595,0.1397083333333333,0.024401872651271833,330.6325019196439,10.051697554693465,0.15414315815318777,0.002321713889413253,0.004531364058858888,0.0022588155761410758,0.0054564246026536836,0.4252018597779699,0.4429648068886967,0.5693643881374302,0.5782189451959032,0.12901374111213207,0.15040292555453452,2.2476279021563,0.0005191510081033463,326.22715123141757,335.03785260787026,0.15312562217730522,0.15516069412907033
256,768,knn_k11,20,0.39899999999999997,0.015402969258824872,0.548125,0.01610086763489756,0.14912499999999995,0.021730632635449023,461656492118958.6,13866296896369.633,0.11441384146391749,0.0018464665175411607,0.0034442086318071967,0.0036002634528357206,0.004859117176693942,0.39224935108165787,0.40575064891834206,0.541068483632442,0.555181516367558,0.13960113033367982,0.15864886966632008,3100598245647.6855,0.0004128824651399343,455579319557489.2,467733664680428.06,0.11360459183224322,0.11522309109559176
768,16,knn_k11,20,0.5540833333333334,0.03448228208482985,0.6600833333333334,0.016572430957353744,0.10599999999999996,0.028205140856947235,0.059768921403582885,0.0004311528199790269,1.5967952908554153,0.03752770145602751,0.007710472676100271,0.0037057082173064886,0.006306861227109069,0.5389708068881769,0.5691958597784899,0.6528201452274126,0.6673465214392541,0.09363855199486618,0.11836144800513373,9.640870141638337e-05,0.008391449149499535,0.059579960348806776,0.059957882458358994,1.5803480505223961,1.6132425311884344
768,32,knn_k11,20,0.5405,0.027080667885032203,0.6601041666666667,0.015885115578107206,0.11960416666666662,0.024036808928797792,0.12158051804504433,0.0007984500541308646,0.922615194653037,0.018843681361927257,0.006055421426702746,0.003552019826308858,0.005374793872696577,0.5286313740036626,0.5523686259963374,0.6531422078071013,0.6670661255262321,0.10906957067618134,0.1301387626571519,0.0001785388597675,0.004213575247161516,0.12123058187990003,0.12193045421018862,0.9143565871686005,0.9308738021374735
768,64,knn_k11,20,0.5103333333333333,0.029197853001257507,0.6412708333333333,0.012083314428297355,0.13093749999999998,0.023154023986218616,0.2558005951858257,0.0017001916914361475,0.5711696002042719,0.011213342691840468,0.006528838410785803,0.0027019112455176895,0.005177397158584548,0.4975368100481931,0.5231298566184734,0.6359750872921187,0.646566579374548,0.12078980156917427,0.1410851984308257,0.00038017441968315725,0.002507379651395576,0.2550554533232467,0.2565457370484047,0.5662551360875365,0.5760840643210072
768,128,knn_k11,20,0.485,0.02220320823980965,0.6219375,0.017511626776756665,0.13693749999999996,0.024117567712528976,0.5626210285059041,0.004374017584162742,0.3702829764946373,0.007861880124395577,0.004964788294279782,0.003915718786943343,0.005392852085716889,0.4752690149432116,0.49473098505678836,0.614262691177591,0.629612308822409,0.12636750991199486,0.14750749008800507,0.0009780600652967298,0.0017579698389103013,0.5607040307779225,0.5645380262338857,0.3668373556103731,0.3737285973789015
768,256,knn_k11,20,0.45958333333333334,0.021424933553637407,0.59525,0.01365256546805949,0.13566666666666663,0.019646640859852443,1.5497059266125202,0.013664699387810742,0.24021992287527608,0.0038842531748211396,0.004790760783934938,0.0030528064453847256,0.0043931224492154974,0.4501934421968209,0.4689732244698458,0.5892664993670459,0.601233500632954,0.12705614666620427,0.144277186667129,0.003055519672324458,0.0008685454140719442,1.5437171080547643,1.555694745170276,0.23851757386369507,0.24192227188685708
768,512,knn_k11,20,0.4304166666666666,0.02069603883335681,0.5728125,0.016311946143495695,0.14239583333333328,0.0250645639253126,8.254693903428128,0.09528482395960623,0.15271784212896805,0.0022177747854661514,0.004627774969636127,0.0036474620422171913,0.005604606876338793,0.4213462277261798,0.4394871056071534,0.5656634743972543,0.5799615256027456,0.13141080385570925,0.1533808628109573,0.02130633435977802,0.0004959095179087327,8.212933488082964,8.296454318773293,0.15174585947386693,0.15368982478406917
768,768,knn_k11,20,0.41516666666666663,0.016221240857923293,0.557625,0.013542830584258142,0.1424583333333333,0.019886786659129508,1356884938598999.5,19681778784089.57,0.11376769338728902,0.0013979757753145988,0.0036271797237713488,0.0030282689794164396,0.004446820682384951,0.40805739440807476,0.4222759389252585,0.5516895928003438,0.5635604071996563,0.1337425647958588,0.1511741018708078,4400979527933.743,0.00031259688645014154,1348259018724249.2,1365510858473749.8,0.11315500348984675,0.1143803832847313
64,16,linear_svm,20,0.6824166666666667,0.027361960832235625,0.6896041666666666,0.021865850216759363,0.007187499999999965,0.017150794804524336,0.6003172846608384,0.023983072410539968,1.6081029281192785,0.049064869327457614,0.006118320441856557,0.004889352747050244,0.003835034305106663,0.6704247586006278,0.6944085747327056,0.6800210352824481,0.6991872980508851,-0.00032916723800909507,0.014704167238009025,0.005362778021926711,0.01097123831233396,0.5898062397378621,0.6108283295838148,1.586599301027104,1.629606555211453
64,32,linear_svm,20,0.7139166666666668,0.02596823858494599,0.7303958333333334,0.019019493597251937,0.016479166666666614,0.022574387672784593,1.8466153623181722,0.08100040211512703,0.9302305204793961,0.022776597648882065,0.005806674673187217,0.004252888058107734,0.005047786538677963,0.7025355843072199,0.7252977490261137,0.7220601727394422,0.7387314939272245,0.006585505050857808,0.02637282828247542,0.018112240533424178,0.005093002063906218,1.8111153708726608,1.8821153537636837,0.92024823643414,0.9402128045246523
64,64,linear_svm,20,0.7905833333333334,0.025324069174051864,0.8124791666666666,0.017624077160527673,0.021895833333333288,0.01868652755689248,17.084542671070473,0.8910970374033794,0.5726577940426866,0.009554729062992307,0.0056626340140086915,0.003940863457164135,0.004178434588063466,0.7794845706658764,0.8016820960007904,0.804755074290625,0.8202032590427083,0.013706101540728896,0.03008556512593768,0.1992553550182629,0.0021365023691443667,16.694002175234676,17.47508316690627,0.5684702493991636,0.5768453386862096
64,128,linear_svm,20,0.7846666666666666,0.02404673811632443,0.8242291666666667,0.016715539636843222,0.03956249999999996,0.018596828059884014,21.016396832658764,1.0811851324732202,0.36848865497854566,0.0049776199929813855,0.005377014106523667,0.003737708290857359,0.004158377170777618,0.7741277190178802,0.795205614315453,0.8169032584165863,0.8315550749167471,0.03141208074527583,0.04771291925472409,0.24176034524722356,0.0011130296670468403,20.542546555974205,21.490247109343322,0.36630711683113387,0.37067019312595745
64,256,linear_svm,20,0.7699166666666667,0.02389349540789331,0.8504375,0.018416118412892018,0.08052083333333329,0.018601446113531622,32.77282051036454,1.6598589869025588,0.23998098971791118,0.004284293303938163,0.005342747995212851,0.004117969265291209,0.004159409798965598,0.7594448805960495,0.7803884527372839,0.8423662802400292,0.8585087197599707,0.07236839012736072,0.08867327653930586,0.37115575277780544,0.0009579971063152898,32.04535523492004,33.50028578580904,0.23810331538953322,0.24185866404628914
64,512,linear_svm,20,0.718,0.018453355136383024,0.9193125,0.02437533737958145,0.20131249999999995,0.02815484121895073,105.84469602299575,5.236737259982265,0.15314449261382465,0.002236621958696584,0.0041262956497897345,0.0054504911355235715,0.006295613886128686,0.7099124605264121,0.7260875394735878,0.9086295373743738,0.9299954626256262,0.18897309678318772,0.21365190321681218,1.1709700493626332,0.0005001238739614289,103.54959472624499,108.1397973197465,0.15216424982086024,0.15412473540678906
64,768,linear_svm,20,0.6360833333333333,0.021159896693277468,0.9999583333333334,0.00018633899812499935,0.363875,0.021075392027737165,123920204458713.38,6014647357990.34,0.11365517530431964,0.0014025738362069284,0.0047314967403041435,4.166666666667044e-05,0.004712600922647743,0.6268095997223372,0.6453570669443295,0.9998766666666667,1.00004,0.3546383021916104,0.3731116978083896,1344916035315.5913,0.00031362504412213476,121284169029494.81,126556239887931.94,0.11304047021784025,0.11426988039079902
256,16,linear_svm,20,0.6796666666666666,0.016671928993798792,0.6935833333333333,0.017825604982228665,0.013916666666666624,0.018231074461572228,0.14508965029140222,0.0030281609694241232,1.5815172365596293,0.01870970147806351,0.0037279566546183766,0.003985926448032222,0.004076592179893587,0.6723598716236147,0.6869734617097186,0.6857709174951901,0.7013957491714765,0.005926545994075194,0.021906787339258056,0.0006771173774444001,0.00418361643436783,0.1437625002316112,0.14641680035119325,1.5733173483482683,1.5897171247709903
256,32,linear_svm,20,0.6966666666666667,0.018948992782873167,0.7185625,0.01771663891912469,0.021895833333333326,0.0183430372045877,0.3111405829979862,0.0069208201744225106,0.9217218495441288,0.016512252505870323,0.004237123596765731,0.00396156089559812,0.004101627810326581,0.6883619044170058,0.7049714289163275,0.7107978406446277,0.7263271593553723,0.013856642825093227,0.029935023841573427,0.0015475424370060683,0.0036922519064767284,0.3081073998214543,0.3141737661745181,0.9144850358074345,0.9289586632808232
256,64,linear_svm,20,0.7222500000000001,0.01828362479577052,0.7561666666666667,0.016018994573146688,0.033916666666666616,0.020475166815934632,0.7467804915607577,0.018359405393830474,0.57493568265313,0.010110651883837373,0.004088342791844359,0.003581956079675622,0.004578386485107776,0.7142368481279852,0.730263151872015,0.7491460327505024,0.7631873005828309,0.024943029155855376,0.042890304177477856,0.004105287848708124,0.0022608104909096673,0.7387341273772897,0.7548268557442256,0.5705044940909471,0.5793668712153129
256,128,linear_svm,20,0.75175,0.016957764872579297,0.8093125000000001,0.01606380905194371,0.05756249999999996,0.018757686046490734,2.407676399317274,0.0811977853436063,0.3706858504389475,0.005481571476549983,0.0037918715001545368,0.0035919769017722586,0.0041943461100552555,0.7443179318596972,0.7591820681403029,0.8022722252725265,0.8163527747274737,0.04934158162429166,0.06578341837570827,0.01815637676507398,0.0012257166445089655,2.3720899008577288,2.443262897776819,0.3682834458157099,0.37308825506218507
256,256,linear_svm,20,0.8007500000000001,0.02557796817849985,0.8914583333333332,0.011500619739212535,0.0907083333333333,0.020235772201924677,100.00714619242419,3.0452870487342283,0.23943256503598262,0.004371383635335877,0.0057194075573452135,0.002571616752025513,0.0045248562220704175,0.7895399611876035,0.8119600388123966,0.8864179644993633,0.8964987021673032,0.08183961513807528,0.09957705152859131,0.6809468851969449,0.0009774710964341174,98.67249029743817,101.3418020874102,0.23751672168697174,0.2413484083849935
256,512,linear_svm,20,0.7422500000000001,0.02081156757741329,0.9727499999999999,0.017762957547061618,0.23049999999999998,0.022097024885081917,330.6325019196439,10.051697554693465,0.15414315815318777,0.002321713889413253,0.004653607982142673,0.00397191805566727,0.004941044974354765,0.7331289283550004,0.7513710716449997,0.964965040610892,0.9805349593891077,0.22081555185026464,0.24018444814973533,2.2476279021563,0.0005191510081033463,326.22715123141757,335.03785260787026,0.15312562217730522,0.15516069412907033
256,768,linear_svm,20,0.68875,0.023656131828754583,1.0,0.0,0.3112499999999999,0.023656131828754586,461656492118958.6,13866296896369.633,0.11441384146391749,0.0018464665175411607,0.005289671885379166,0.0,0.005289671885379167,0.6783822431046568,0.6991177568953432,1.0,1.0,0.3008822431046567,0.3216177568953431,3100598245647.6855,0.0004128824651399343,455579319557489.2,467733664680428.06,0.11360459183224322,0.11522309109559176
768,16,linear_svm,20,0.6500833333333333,0.027896398769867846,0.6547916666666667,0.020937240877335197,0.004708333333333305,0.024575749647980868,0.059768921403582885,0.0004311528199790269,1.5967952908554153,0.03752770145602751,0.006237824397686601,0.004681709386300884,0.005495304681090174,0.6378571975138676,0.6623094691527991,0.645615516269517,0.6639678170638164,-0.006062463841603436,0.015479130508270045,9.640870141638337e-05,0.008391449149499535,0.059579960348806776,0.059957882458358994,1.5803480505223961,1.6132425311884344
768,32,linear_svm,20,0.6819166666666667,0.02517932759252509,0.6952708333333334,0.019988700664119383,0.013354166666666625,0.027313788409532285,0.12158051804504433,0.0007984500541308646,0.922615194653037,0.018843681361927257,0.005630268812462222,0.004469609346686613,0.006107548760676005,0.6708813397942408,0.6929519935390926,0.6865103990138276,0.7040312676528392,0.0013833710957416555,0.025324962237591595,0.0001785388597675,0.004213575247161516,0.12123058187990003,0.12193045421018862,0.9143565871686005,0.9308738021374735
768,64,linear_svm,20,0.7011666666666667,0.022478709875364707,0.7341875,0.012410111745589241,0.03302083333333329,0.025536593325739657,0.2558005951858257,0.0017001916914361475,0.5711696002042719,0.011213342691840468,0.005026392332781131,0.002774985347150612,0.00571015585901213,0.6913149376944157,0.7110183956389178,0.7287485287195848,0.7396264712804151,0.021828927849669513,0.04421273881699707,0.00038017441968315725,0.002507379651395576,0.2550554533232467,0.2565457370484047,0.5662551360875365,0.5760840643210072
768,128,linear_svm,20,0.7236666666666667,0.023530495331087236,0.779875,0.011324154564831199,0.05620833333333329,0.023987501314189544,0.5626210285059041,0.004374017584162742,0.3702829764946373,0.007861880124395577,0.005261578710455248,0.002532157939467711,0.0053637683548893355,0.7133539723941744,0.7339793609391589,0.7749119704386432,0.7848380295613567,0.045695347357750195,0.0667213193089164,0.0009780600652967298,0.0017579698389103013,0.5607040307779225,0.5645380262338857,0.3668373556103731,0.3737285973789015
768,256,linear_svm,20,0.7493333333333333,0.019811981725285352,0.8517083333333334,0.011586425183723067,0.10237499999999997,0.01998221980129172,1.5497059266125202,0.013664699387810742,0.24021992287527608,0.0038842531748211396,0.004430093790672161,0.0025908034327020266,0.004468160181703062,0.7406503495036159,0.7580163171630507,0.8466303586052374,0.8567863080614294,0.09361740604386197,0.11113259395613796,0.003055519672324458,0.0008685454140719442,1.5437171080547643,1.555694745170276,0.23851757386369507,0.24192227188685708
768,512,linear_svm,20,0.7411666666666668,0.023527388543905715,0.9844166666666666,0.014878528624668746,0.24324999999999997,0.022533519541429313,8.254693903428128,0.09528482395960623,0.15271784212896805,0.0022177747854661514,0.005260884011722297,0.0033269401409935766,0.005038648146695583,0.7308553340036911,0.7514779993296424,0.9778958639903192,0.990937469343014,0.23337424963247663,0.25312575036752333,0.02130633435977802,0.0004959095179087327,8.212933488082964,8.296454318773293,0.15174585947386693,0.15368982478406917
768,768,linear_svm,20,0.7281666666666666,0.01922397990814522,1.0,0.0,0.2718333333333333,0.019223979908145217,1356884938598999.5,19681778784089.57,0.11376769338728902,0.0013979757753145988,0.004298612587270287,0.0,0.0042986125872702865,0.7197413859956169,0.7365919473377164,1.0,1.0,0.26340805266228356,0.28025861400438307,4400979527933.743,0.00031259688645014154,1348259018724249.2,1365510858473749.8,0.11315500348984675,0.1143803832847313
64,16,logreg,20,0.6814166666666667,0.02598512282416874,0.6904583333333333,0.021237698537772066,0.00904166666666666,0.01706545919865089,0.6003172846608384,0.023983072410539968,1.6081029281192785,0.049064869327457614,0.005810450103852261,0.004748893761610622,0.0038159526835432472,0.6700281844631162,0.6928051488702172,0.6811505015605764,0.6997661651060901,0.0015623994069218954,0.016520933926411425,0.005362778021926711,0.01097123831233396,0.5898062397378621,0.6108283295838148,1.586599301027104,1.629606555211453
64,32,logreg,20,0.7136666666666667,0.024125645765983774,0.7308749999999999,0.019453376185876833,0.017208333333333277,0.019109898769856203,1.8466153623181722,0.08100040211512703,0.9302305204793961,0.022776597648882065,0.00539465839338197,0.004349907154349618,0.004273103269253808,0.703093136215638,0.7242401971176954,0.7223491819774747,0.7394008180225252,0.008833050925595814,0.02558361574107074,0.018112240533424178,0.005093002063906218,1.8111153708726608,1.8821153537636837,0.92024823643414,0.9402128045246523
64,64,logreg,20,0.7886666666666666,0.024623480450043703,0.8126458333333334,0.01775877748133525,0.023979166666666624,0.0177501312695912,17.084542671070473,0.8910970374033794,0.5726577940426866,0.009554729062992307,0.005505977612893483,0.003970983364555812,0.003969050012835057,0.7778749505453953,0.7994583827879379,0.804862705938804,0.8204289607278628,0.016199828641509914,0.031758504691823335,0.1992553550182629,0.0021365023691443667,16.694002175234676,17.47508316690627,0.5684702493991636,0.5768453386862096
64,128,logreg,20,0.7818333333333334,0.022405748009375833,0.8253125000000001,0.017114528108260016,0.043479166666666645,0.018271564104492023,21.016396832658764,1.0811851324732202,0.36848865497854566,0.0049776199929813855,0.005010077563569496,0.0038269248252900275,0.004085645939288923,0.7720135813087372,0.7916530853579296,0.8178117273424317,0.8328132726575685,0.035471300625660354,0.051487032707672936,0.24176034524722356,0.0011130296670468403,20.542546555974205,21.490247109343322,0.36630711683113387,0.37067019312595745
64,256,logreg,20,0.7627499999999999,0.023385124226476088,0.8569583333333334,0.020231256215820496,0.09420833333333328,0.02080695698713119,32.77282051036454,1.6598589869025588,0.23998098971791118,0.004284293303938163,0.0052290727432677715,0.004523846416878978,0.004652577022813955,0.7525010174231951,0.7729989825768048,0.8480915943562506,0.8658250723104162,0.08508928236861793,0.10332738429804864,0.37115575277780544,0.0009579971063152898,32.04535523492004,33.50028578580904,0.23810331538953322,0.24185866404628914
64,512,logreg,20,0.7023333333333334,0.017230803370572166,0.9642916666666667,0.026714287249987617,0.2619583333333333,0.02605770558717393,105.84469602299575,5.236737259982265,0.15314449261382465,0.002236621958696584,0.003852924764353186,0.005973496226142822,0.005826680103059698,0.6947816007952011,0.7098850658714656,0.9525836140634267,0.9759997192699066,0.2505380403313363,0.2733786263353303,1.1709700493626332,0.0005001238739614289,103.54959472624499,108.1397973197465,0.15216424982086024,0.15412473540678906
64,768,logreg,20,0.64225,0.024178158187366808,1.0,0.0,0.35775,0.024178158187366842,123920204458713.38,6014647357990.34,0.11365517530431964,0.0014025738362069284,0.005406400527769527,0.0,0.005406400527769535,0.6316534549655717,0.6528465450344283,1.0,1.0,0.3471534549655717,0.3683465450344283,1344916035315.5913,0.00031362504412213476,121284169029494.81,126556239887931.94,0.11304047021784025,0.11426988039079902
256,16,logreg,20,0.6784166666666667,0.01729918194327214,0.6940208333333333,0.01827006377282676,0.015604166666666638,0.019876940028159245,0.14508965029140222,0.0030281609694241232,1.5815172365596293,0.01870970147806351,0.0038682146780293415,0.004085310454929691,0.004444618908765065,0.6708349658977292,0.6859983674356042,0.6860136248416712,0.7020280418249955,0.00689271360548711,0.024315619727846165,0.0006771173774444001,0.00418361643436783,0.1437625002316112,0.14641680035119325,1.5733173483482683,1.5897171247709903
256,32,logreg,20,0.6961666666666667,0.019134030184754878,0.7190416666666667,0.016998935725199796,0.022874999999999972,0.018959068329689195,0.3111405829979862,0.0069208201744225106,0.9217218495441288,0.016512252505870323,0.0042784992176644766,0.0038010775826696425,0.0042393765575248436,0.6877808082000444,0.704552525133289,0.7115915546046342,0.7264917787286992,0.014565821947251279,0.031184178052748666,0.0015475424370060683,0.0036922519064767284,0.3081073998214543,0.3141737661745181,0.9144850358074345,0.9289586632808232
256,64,logreg,20,0.7215833333333334,0.018380919104726567,0.7583958333333334,0.01529215664399764,0.03681249999999993,0.0201126555798503,0.7467804915607577,0.018359405393830474,0.57493568265313,0.010110651883837373,0.0041100984607093174,0.0034194301778553773,0.0044973265084585715,0.713527540350343,0.7296391263163237,0.7516937501847368,0.7650979164819299,0.027997740043421128,0.04562725995657873,0.004105287848708124,0.0022608104909096673,0.7387341273772897,0.7548268557442256,0.5705044940909471,0.5793668712153129
256,128,logreg,20,0.7471666666666666,0.014630937341311384,0.810125,0.015783682539348157,0.0629583333333333,0.016565978753058447,2.407676399317274,0.0811977853436063,0.3706858504389475,0.005481571476549983,0.0032715770469712293,0.0035293387093258974,0.0037042654605655887,0.740754375654603,0.7535789576787303,0.8032074961297212,0.8170425038702788,0.055697973030624744,0.07021869363604186,0.01815637676507398,0.0012257166445089655,2.3720899008577288,2.443262897776819,0.3682834458157099,0.37308825506218507
256,256,logreg,20,0.7868333333333333,0.023877734373897504,0.9009375000000001,0.013182310132848376,0.11410416666666665,0.019996927304168167,100.00714619242419,3.0452870487342283,0.23943256503598262,0.004371383635335877,0.005339223720871819,0.002947654155753325,0.004471448879324163,0.7763684548404245,0.797298211826242,0.8951600978547235,0.9067149021452766,0.10534012686319129,0.122868206470142,0.6809468851969449,0.0009774710964341174,98.67249029743817,101.3418020874102,0.23751672168697174,0.2413484083849935
256,512,logreg,20,0.7356666666666667,0.027585062488865598,0.9984999999999999,0.003831712090418525,0.26283333333333336,0.025464471867395574,330.6325019196439,10.051697554693465,0.15414315815318777,0.002321713889413253,0.006168207488868301,0.0008567968704383641,0.005694029010662751,0.7235769799884848,0.7477563533448486,0.9968206781339407,1.000179321866059,0.2516730364724344,0.27399363019423234,2.2476279021563,0.0005191510081033463,326.22715123141757,335.03785260787026,0.15312562217730522,0.15516069412907033
256,768,logreg,20,0.6879166666666666,0.019025029681605354,1.0,0.0,0.31208333333333327,0.019025029681605347,461656492118958.6,13866296896369.633,0.11441384146391749,0.0018464665175411607,0.004254125964202075,0.0,0.004254125964202073,0.6795785797768306,0.6962547535565027,1.0,1.0,0.3037452464434972,0.32042142022316933,3100598245647.6855,0.0004128824651399343,455579319557489.2,467733664680428.06,0.11360459183224322,0.11522309109559176
768,16,logreg,20,0.6511666666666667,0.028521562582785362,0.6546875,0.02060483242232382,0.0035208333333333146,0.024182343297107896,0.059768921403582885,0.0004311528199790269,1.5967952908554153,0.03752770145602751,0.006377615275962254,0.004607380596130771,0.005407336346756965,0.6386665407257807,0.6636667926075527,0.6456570340315837,0.6637179659684163,-0.007077545906310335,0.014119212572976965,9.640870141638337e-05,0.008391449149499535,0.059579960348806776,0.059957882458358994,1.5803480505223961,1.6132425311884344
768,32,logreg,20,0.6806666666666666,0.024734851232564067,0.6970416666666667,0.020263207735185917,0.016374999999999994,0.027122980427148117,0.12158051804504433,0.0007984500541308646,0.922615194653037,0.018843681361927257,0.0055308808769357716,0.004530990993807526,0.006064882798749947,0.6698261401478726,0.6915071931854607,0.6881609243188039,0.7059224090145294,0.0044878297144500985,0.02826217028554989,0.0001785388597675,0.004213575247161516,0.12123058187990003,0.12193045421018862,0.9143565871686005,0.9308738021374735
768,64,logreg,20,0.7005,0.024429753692926902,0.7357708333333333,0.01330951477250513,0.0352708333333333,0.028240066760084573,0.2558005951858257,0.0017001916914361475,0.5711696002042719,0.011213342691840468,0.0054626589930961075,0.002976097977885912,0.006314670896468135,0.6897931883735317,0.7112068116264684,0.7299376812966769,0.7416039853699896,0.022894078376255754,0.047647588290410846,0.00038017441968315725,0.002507379651395576,0.2550554533232467,0.2565457370484047,0.5662551360875365,0.5760840643210072
768,128,logreg,20,0.7212500000000001,0.023760962382305434,0.7819375,0.011433505797635345,0.060687499999999936,0.02329346335222655,0.5626210285059041,0.004374017584162742,0.3702829764946373,0.007861880124395577,0.00531311270976503,0.0025566096184650583,0.005208576748697869,0.7108362990888606,0.7316637009111395,0.7769265451478085,0.7869484548521914,0.05047868957255211,0.07089631042744776,0.0009780600652967298,0.0017579698389103013,0.5607040307779225,0.5645380262338857,0.3668373556103731,0.3737285973789015
768,256,logreg,20,0.7448333333333333,0.020646707962956264,0.8574791666666666,0.014103623269482394,0.11264583333333329,0.021476593320927644,1.5497059266125202,0.013664699387810742,0.24021992287527608,0.0038842531748211396,0.004616744251675641,0.0031536660359610465,0.004802312259071216,0.7357845146000491,0.7538821520666176,0.8512979812361829,0.8636603520971502,0.1032333013055537,0.12205836536111288,0.003055519672324458,0.0008685454140719442,1.5437171080547643,1.555694745170276,0.23851757386369507,0.24192227188685708
768,512,logreg,20,0.73525,0.02260307772864167,0.9995208333333334,0.0010837971341861809,0.26427083333333334,0.021984375681897525,8.254693903428128,0.09528482395960623,0.15271784212896805,0.0022177747854661514,0.005054201830195432,0.00024234440658597615,0.004915855846761616,0.7253437644128169,0.745156235587183,0.9990458382964249,0.9999958283702419,0.2546357558736806,0.2739059107929861,0.02130633435977802,0.0004959095179087327,8.212933488082964,8.296454318773293,0.15174585947386693,0.15368982478406917
768,768,logreg,20,0.7323333333333333,0.01904442329080964,1.0,0.0,0.2676666666666666,0.019044423290809624,1356884938598999.5,19681778784089.57,0.11376769338728902,0.0013979757753145988,0.00425846250705306,0.0,0.004258462507053056,0.7239867468195093,0.7406799198471573,1.0,1.0,0.25932008015284264,0.2760132531804906,4400979527933.743,0.00031259688645014154,1348259018724249.2,1365510858473749.8,0.11315500348984675,0.1143803832847313
64,16,mlp_base,20,0.6750833333333334,0.02778612447698116,0.7068749999999999,0.023110597893923467,0.031791666666666614,0.018930436627850208,0.6003172846608384,0.023983072410539968,1.6081029281192785,0.049064869327457614,0.006213166316180066,0.005167686789147634,0.004232974314362495,0.6629055273536204,0.6872611393130463,0.6967463338932706,0.7170036661067293,0.023495037010516126,0.0400882963228171,0.005362778021926711,0.01097123831233396,0.5898062397378621,0.6108283295838148,1.586599301027104,1.629606555211453
64,32,mlp_base,20,0.7046666666666667,0.02563007188431827,0.7680729166666667,0.02980106778732303,0.06340624999999997,0.02840922217207847,1.8466153623181722,0.08100040211512703,0.9302305204793961,0.022776597648882065,0.005731058300154177,0.0066637213374533535,0.0063524951964661685,0.6934337923983644,0.7158995409349689,0.755012022845258,0.7811338104880753,0.05095535941492628,0.07585714058507366,0.018112240533424178,0.005093002063906218,1.8111153708726608,1.8821153537636837,0.92024823643414,0.9402128045246523
64,64,mlp_base,20,0.7791666666666667,0.02477087990419538,0.8963802083333332,0.03468900435005134,0.11721354166666662,0.03389050639017767,17.084542671070473,0.8910970374033794,0.5726577940426866,0.009554729062992307,0.005538937132826435,0.00775669717985007,0.007578147608032828,0.7683103498863268,0.7900229834470065,0.8811770818608271,0.9115833348058393,0.10236037235492228,0.13206671097841097,0.1992553550182629,0.0021365023691443667,16.694002175234676,17.47508316690627,0.5684702493991636,0.5768453386862096
64,128,mlp_base,20,0.7705833333333334,0.024609672182137696,0.9821614583333333,0.021194023361163716,0.21157812499999995,0.035384051594294655,21.016396832658764,1.0811851324732202,0.36848865497854566,0.0049776199929813855,0.005502889990324548,0.0047391276952280645,0.007912114468420266,0.7597976689522973,0.7813689977143695,0.9728727680506863,0.9914501486159804,0.19607038064189622,0.22708586935810368,0.24176034524722356,0.0011130296670468403,20.542546555974205,21.490247109343322,0.36630711683113387,0.37067019312595745
64,256,mlp_base,20,0.7433333333333334,0.01676288018351211,0.999296875,0.0016836697786713228,0.2559635416666667,0.016360184912046695,32.77282051036454,1.6598589869025588,0.23998098971791118,0.004284293303938163,0.0037482939589017225,0.0003764800076771103,0.0036582485587802827,0.735986677173886,0.7506799894927808,0.9985589741849529,1.0000347758150472,0.24879337449145733,0.26313370884187604,0.37115575277780544,0.0009579971063152898,32.04535523492004,33.50028578580904,0.23810331538953322,0.24185866404628914
64,512,mlp_base,20,0.6728333333333334,0.023062969990773546,1.0,0.0,0.32716666666666666,0.023062969990773563,105.84469602299575,5.236737259982265,0.15314449261382465,0.002236621958696584,0.005157036866240734,0.0,0.005157036866240738,0.6627255410755015,0.6829411255911653,1.0,1.0,0.3170588744088348,0.33727445892449853,1.1709700493626332,0.0005001238739614289,103.54959472624499,108.1397973197465,0.15216424982086024,0.15412473540678906
64,768,mlp_base,20,0.5771666666666666,0.025172504260804765,1.0,0.0,0.42283333333333334,0.025172504260804748,123920204458713.38,6014647357990.34,0.11365517530431964,0.0014025738362069284,0.005628743069106255,0.0,0.0056287430691062505,0.5661343302512184,0.5881990030821148,1.0,1.0,0.4118009969178851,0.4338656697487816,1344916035315.5913,0.00031362504412213476,121284169029494.81,126556239887931.94,0.11304047021784025,0.11426988039079902
256,16,mlp_base,20,0.6753333333333333,0.018133681627202056,0.7034374999999999,0.024249988695964075,0.028104166666666625,0.01961543188738535,0.14508965029140222,0.0030281609694241232,1.5815172365596293,0.01870970147806351,0.004054814480076279,0.005422462317777715,0.004386143910821064,0.6673858969523838,0.6832807697142829,0.6928094738571556,0.7140655261428442,0.019507324601457342,0.03670100873187591,0.0006771173774444001,0.00418361643436783,0.1437625002316112,0.14641680035119325,1.5733173483482683,1.5897171247709903
256,32,mlp_base,20,0.6906666666666667,0.019973666874689107,0.7668489583333333,0.01681274643697514,0.07618229166666662,0.02275040051198605,0.3111405829979862,0.0069208201744225106,0.9217218495441288,0.016512252505870323,0.004466247689174061,0.0037594443921543795,0.005087144206014683,0.6819128211958855,0.6994205121374478,0.7594804473247108,0.7742174693419559,0.06621148902287785,0.0861530943104554,0.0015475424370060683,0.0036922519064767284,0.3081073998214543,0.3141737661745181,0.9144850358074345,0.9289586632808232
256,64,mlp_base,20,0.70775,0.018710435840907744,0.8411458333333334,0.03724633994342647,0.1333958333333333,0.04067322261650403,0.7467804915607577,0.018359405393830474,0.57493568265313,0.010110651883837373,0.004183780642891815,0.008328534802656726,0.009094809063448487,0.699549789939932,0.715950210060068,0.8248219051201262,0.8574697615465405,0.11557000756897426,0.15122165909769233,0.004105287848708124,0.0022608104909096673,0.7387341273772897,0.7548268557442256,0.5705044940909471,0.5793668712153129
256,128,mlp_base,20,0.7310833333333333,0.02131135792501707,0.961953125,0.025318057991166674,0.23086979166666666,0.03415246072542903,2.407676399317274,0.0811977853436063,0.3706858504389475,0.005481571476549983,0.004765364501316703,0.005661289872653045,0.007636722378095109,0.7217432189107525,0.7404234477559141,0.9508569968496,0.9730492531503999,0.21590181580560025,0.24583776752773306,0.01815637676507398,0.0012257166445089655,2.3720899008577288,2.443262897776819,0.3682834458157099,0.37308825506218507
256,256,mlp_base,20,0.7685,0.024482360280664972,0.9996614583333333,0.001514004359765442,0.2311614583333333,0.02495878535729115,100.00714619242419,3.0452870487342283,0.23943256503598262,0.004371383635335877,0.005474422183720771,0.00033854166666665757,0.005580954069472939,0.7577701325199072,0.7792298674800927,0.9989979166666667,1.000325,0.22022278835716633,0.24210012830950026,0.6809468851969449,0.0009774710964341174,98.67249029743817,101.3418020874102,0.23751672168697174,0.2413484083849935
256,512,mlp_base,20,0.70975,0.029105951844056545,1.0,0.0,0.29025,0.029105951844056507,330.6325019196439,10.051697554693465,0.15414315815318777,0.002321713889413253,0.006508288687314579,0.0,0.006508288687314571,0.6969937541728635,0.7225062458271365,1.0,1.0,0.2774937541728634,0.3030062458271366,2.2476279021563,0.0005191510081033463,326.22715123141757,335.03785260787026,0.15312562217730522,0.15516069412907033
256,768,mlp_base,20,0.6298333333333332,0.025002339071861418,1.0,0.0,0.37016666666666664,0.025002339071861387,461656492118958.6,13866296896369.633,0.11441384146391749,0.0018464665175411607,0.005590692976118113,0.0,0.005590692976118106,0.6188755751001418,0.6407910915665247,1.0,1.0,0.35920890843347514,0.38112442489985815,3100598245647.6855,0.0004128824651399343,455579319557489.2,467733664680428.06,0.11360459183224322,0.11522309109559176
768,16,mlp_base,20,0.6428333333333334,0.027652289648544784,0.667109375,0.020921738825282164,0.02427604166666662,0.022228746743554996,0.059768921403582885,0.0004311528199790269,1.5967952908554153,0.03752770145602751,0.00618323993876599,0.004678243022082751,0.004970498877321605,0.630714183053352,0.6549524836133147,0.6579400186767178,0.6762787313232822,0.014533863867116272,0.03401821946621697,9.640870141638337e-05,0.008391449149499535,0.059579960348806776,0.059957882458358994,1.5803480505223961,1.6132425311884344
768,32,mlp_base,20,0.67125,0.02435648382040327,0.7347916666666666,0.026326078489317974,0.06354166666666664,0.032174589686447125,0.12158051804504433,0.0007984500541308646,0.922615194653037,0.018843681361927257,0.005446275351529549,0.005886690108310996,0.007194456968705941,0.6605753003110021,0.6819246996889979,0.7232537540543771,0.7463295792789562,0.04944053100800299,0.07764280232533027,0.0001785388597675,0.004213575247161516,0.12123058187990003,0.12193045421018862,0.9143565871686005,0.9308738021374735
768,64,mlp_base,20,0.68975,0.022369014440013765,0.8323697916666667,0.028809230459003694,0.14261979166666663,0.0418022366177717,0.2558005951858257,0.0017001916914361475,0.5711696002042719,0.011213342691840468,0.005001863687754517,0.006441939768578973,0.00934726426888684,0.6799463471720011,0.6995536528279989,0.8197435897202519,0.8449959936130815,0.12429915369964842,0.16094042963368485,0.00038017441968315725,0.002507379651395576,0.2550554533232467,0.2565457370484047,0.5662551360875365,0.5760840643210072
768,128,mlp_base,20,0.7075833333333333,0.02329241399485255,0.9621354166666667,0.031439529424224316,0.2545520833333333,0.03179617913354826,0.5626210285059041,0.004374017584162742,0.3702829764946373,0.007861880124395577,0.005208342105255773,0.007030092497317039,0.0071098417967374265,0.697374982807032,0.7177916838596347,0.9483564353719253,0.9759143979614081,0.24061679341172793,0.26848737325493865,0.0009780600652967298,0.0017579698389103013,0.5607040307779225,0.5645380262338857,0.3668373556103731,0.3737285973789015
768,256,mlp_base,20,0.7249166666666667,0.018221147985737037,0.9995572916666667,0.001045429060571325,0.27464062499999997,0.018402806310664183,1.5497059266125202,0.013664699387810742,0.24021992287527608,0.0038842531748211396,0.004074372552419138,0.00023376504450912277,0.0041149925887407224,0.7169308964639252,0.7329024368694081,0.9990991121794288,1.0000154711539047,0.26657523952606815,0.2827060104739318,0.003055519672324458,0.0008685454140719442,1.5437171080547643,1.555694745170276,0.23851757386369507,0.24192227188685708
768,512,mlp_base,20,0.7185833333333334,0.01859286003939267,1.0,0.0,0.28141666666666665,0.018592860039392634,8.254693903428128,0.09528482395960623,0.15271784212896805,0.0022177747854661514,0.004157489894422143,0.0,0.004157489894422135,0.710434653140266,0.7267320135264007,1.0,1.0,0.2732679864735993,0.289565346859734,0.02130633435977802,0.0004959095179087327,8.212933488082964,8.296454318773293,0.15174585947386693,0.15368982478406917
768,768,mlp_base,20,0.687,0.019290030149222,1.0,0.0,0.31299999999999994,0.01929003014922203,1356884938598999.5,19681778784089.57,0.11376769338728902,0.0013979757753145988,0.00431338187016808,0.0,0.004313381870168087,0.6785457715344706,0.6954542284655295,1.0,1.0,0.3045457715344705,0.3214542284655294,4400979527933.743,0.00031259688645014154,1348259018724249.2,1365510858473749.8,0.11315500348984675,0.1143803832847313
64,16,mlp_reg,20,0.6745,0.028994353150568565,0.7136979166666666,0.031109929138013512,0.039197916666666624,0.03471167036305333,0.6003172846608384,0.023983072410539968,1.6081029281192785,0.049064869327457614,0.00648333446083065,0.006956391632779965,0.007761765454435205,0.6617926644567719,0.6872073355432281,0.7000633890664179,0.7273324442669153,0.023984856375973623,0.05441097695735962,0.005362778021926711,0.01097123831233396,0.5898062397378621,0.6108283295838148,1.586599301027104,1.629606555211453
64,32,mlp_reg,20,0.6949166666666666,0.025423172880233633,0.7741145833333334,0.03834300834951447,0.07919791666666662,0.04232909689872553,1.8466153623181722,0.08100040211512703,0.9302305204793961,0.022776597648882065,0.005684794276393152,0.008573757313135637,0.00946507380917258,0.6837744698849361,0.7060588634483972,0.7573100189995875,0.7909191476670793,0.060646372000688356,0.09774946133264488,0.018112240533424178,0.005093002063906218,1.8111153708726608,1.8821153537636837,0.92024823643414,0.9402128045246523
64,64,mlp_reg,20,0.7706666666666667,0.02759036190729363,0.900390625,0.05391379778077067,0.12972395833333328,0.06422102564585434,17.084542671070473,0.8910970374033794,0.5726577940426866,0.009554729062992307,0.0061693924748529305,0.012055491676298052,0.014360257892888764,0.758574657415955,0.7827586759173785,0.8767618613144558,0.9240193886855442,0.1015778528632713,0.15787006380339524,0.1992553550182629,0.0021365023691443667,16.694002175234676,17.47508316690627,0.5684702493991636,0.5768453386862096
64,128,mlp_reg,20,0.768,0.023586347522956685,0.9820572916666667,0.027057213176143704,0.21405729166666662,0.03501793535540311,21.016396832658764,1.0811851324732202,0.36848865497854566,0.0049776199929813855,0.005274067640226493,0.006050176794356031,0.00783024838863746,0.7576628274251561,0.7783371725748439,0.9701989451497288,0.9939156381836045,0.1987100048249372,0.22940457850839605,0.24176034524722356,0.0011130296670468403,20.542546555974205,21.490247109343322,0.36630711683113387,0.37067019312595745
64,256,mlp_reg,20,0.7453333333333333,0.02009189414978875,0.9941145833333334,0.014198497682503527,0.24878124999999995,0.02488276835485679,32.77282051036454,1.6598589869025588,0.23998098971791118,0.004284293303938163,0.0044926841115657985,0.003174880599645111,0.005563956150984039,0.7365276724746643,0.7541389941920023,0.9878918173580289,1.0003373493086378,0.23787589594407124,0.2596866040559287,0.37115575277780544,0.0009579971063152898,32.04535523492004,33.50028578580904,0.23810331538953322,0.24185866404628914
64,512,mlp_reg,20,0.6834166666666667,0.027441990917152416,1.0,0.0,0.3165833333333333,0.027441990917152416,105.84469602299575,5.236737259982265,0.15314449261382465,0.002236621958696584,0.00613621571286846,0.0,0.00613621571286846,0.6713896838694445,0.6954436494638888,1.0,1.0,0.30455635053611113,0.3286103161305555,1.1709700493626332,0.0005001238739614289,103.54959472624499,108.1397973197465,0.15216424982086024,0.15412473540678906
64,768,mlp_reg,20,0.5950833333333334,0.021112861577166846,1.0,0.0,0.40491666666666665,0.021112861577166818,123920204458713.38,6014647357990.34,0.11365517530431964,0.0014025738362069284,0.0047209793686088485,0.0,0.004720979368608842,0.5858302137708601,0.6043364528958067,1.0,1.0,0.3956635471041933,0.41416978622913997,1344916035315.5913,0.00031362504412213476,121284169029494.81,126556239887931.94,0.11304047021784025,0.11426988039079902
256,16,mlp_reg,20,0.6778333333333333,0.020448909377686675,0.7059114583333334,0.026063190118585444,0.02807812499999997,0.030304208770664302,0.14508965029140222,0.0030281609694241232,1.5815172365596293,0.01870970147806351,0.004572515143424032,0.005827906481565785,0.006776227081555071,0.6688712036522222,0.6867954630144444,0.6944887616294644,0.7173341550372023,0.014796719920152033,0.04135953007984791,0.0006771173774444001,0.00418361643436783,0.1437625002316112,0.14641680035119325,1.5733173483482683,1.5897171247709903
256,32,mlp_reg,20,0.6876666666666666,0.019944367068868776,0.76671875,0.035747255791191535,0.0790520833333333,0.039917734243406104,0.3111405829979862,0.0069208201744225106,0.9217218495441288,0.016512252505870323,0.004459696053419881,0.00799332939581773,0.008925876727602719,0.6789256624019637,0.6964076709313696,0.7510518243841973,0.7823856756158027,0.06155736494723198,0.09654680171943462,0.0015475424370060683,0.0036922519064767284,0.3081073998214543,0.3141737661745181,0.9144850358074345,0.9289586632808232
256,64,mlp_reg,20,0.7082499999999999,0.022842423597102694,0.8539322916666666,0.056918008718781894,0.14568229166666663,0.06325538105642242,0.7467804915607577,0.018359405393830474,0.57493568265313,0.010110651883837373,0.005107721193396689,0.012727253663912202,0.0141443331984813,0.6982388664609425,0.7182611335390574,0.8289868744853988,0.8788777088479345,0.11795939859764329,0.17340518473568997,0.004105287848708124,0.0022608104909096673,0.7387341273772897,0.7548268557442256,0.5705044940909471,0.5793668712153129
256,128,mlp_reg,20,0.7304166666666666,0.019852342357415242,0.9545833333333335,0.04215401665616857,0.22416666666666663,0.04055677751153171,2.407676399317274,0.0811977853436063,0.3706858504389475,0.005481571476549983,0.004439118702377891,0.00942592467678513,0.009068771146411966,0.721715994010006,0.7391173393233272,0.9361085209668346,0.9730581456998323,0.20639187521969918,0.24194145811363407,0.01815637676507398,0.0012257166445089655,2.3720899008577288,2.443262897776819,0.3682834458157099,0.37308825506218507
256,256,mlp_reg,20,0.766,0.025376694193435276,0.9999739583333334,0.00011646187382808644,0.2339739583333333,0.02539927582611095,100.00714619242419,3.0452870487342283,0.23943256503598262,0.004371383635335877,0.0056744013260745475,2.6041666666660492e-05,0.005679450732645121,0.7548781734008939,0.7771218265991061,0.9999229166666667,1.000025,0.22284223489734886,0.2451056817693177,0.6809468851969449,0.0009774710964341174,98.67249029743817,101.3418020874102,0.23751672168697174,0.2413484083849935
256,512,mlp_reg,20,0.7201666666666666,0.023969400571200995,1.0,0.0,0.2798333333333333,0.023969400571200963,330.6325019196439,10.051697554693465,0.15414315815318777,0.002321713889413253,0.0053597209057127705,0.0,0.005359720905712764,0.7096616136914696,0.7306717196418636,1.0,1.0,0.26932828035813633,0.2903383863085303,2.2476279021563,0.0005191510081033463,326.22715123141757,335.03785260787026,0.15312562217730522,0.15516069412907033
256,768,mlp_reg,20,0.6466666666666667,0.02605661851470856,1.0,0.0,0.35333333333333333,0.026056618514708564,461656492118958.6,13866296896369.633,0.11441384146391749,0.0018464665175411607,0.005826437026266795,0.0,0.0058264370262667954,0.6352468500951838,0.6580864832381497,1.0,1.0,0.3419135167618504,0.3647531499048163,3100598245647.6855,0.0004128824651399343,455579319557489.2,467733664680428.06,0.11360459183224322,0.11522309109559176
768,16,mlp_reg,20,0.6464166666666666,0.029981841483028546,0.671953125,0.027032295766202443,0.025536458333333283,0.02591791374118563,0.059768921403582885,0.0004311528199790269,1.5967952908554153,0.03752770145602751,0.006704143564667493,0.006044605092110842,0.005795421696026696,0.6332765452799184,0.6595567880534149,0.6601056990194628,0.6838005509805373,0.014177431809120958,0.03689548485754561,9.640870141638337e-05,0.008391449149499535,0.059579960348806776,0.059957882458358994,1.5803480505223961,1.6132425311884344
768,32,mlp_reg,20,0.6713333333333333,0.02595317420783029,0.7370833333333333,0.03333830143897938,0.06574999999999993,0.044029853683050985,0.12158051804504433,0.0007984500541308646,0.922615194653037,0.018843681361927257,0.005803306176060278,0.007454670827193695,0.009845374587467148,0.6599588532282552,0.6827078134384115,0.7224721785120337,0.7516944881546329,0.04645306580856433,0.08504693419143554,0.0001785388597675,0.004213575247161516,0.12123058187990003,0.12193045421018862,0.9143565871686005,0.9308738021374735
768,64,mlp_reg,20,0.6849999999999999,0.02446503651531927,0.8282291666666666,0.04929939062438469,0.1432291666666666,0.05216005314420077,0.2558005951858257,0.0017001916914361475,0.5711696002042719,0.011213342691840468,0.005470548472026846,0.011023678868543996,0.011663342454043456,0.6742777249948273,0.6957222750051726,0.8066227560843203,0.8498355772490128,0.12036901545674143,0.16608931787659179,0.00038017441968315725,0.002507379651395576,0.2550554533232467,0.2565457370484047,0.5662551360875365,0.5760840643210072
768,128,mlp_reg,20,0.7010833333333333,0.020592644743788014,0.9308072916666668,0.04382182485326684,0.2297239583333333,0.052862302798446135,0.5626210285059041,0.004374017584162742,0.3702829764946373,0.007861880124395577,0.004604655348361374,0.00979885792699944,0.011820370250450291,0.692058208850545,0.7101084578161215,0.9116015301297479,0.9500130532035856,0.20655603264245073,0.25289188402421586,0.0009780600652967298,0.0017579698389103013,0.5607040307779225,0.5645380262338857,0.3668373556103731,0.3737285973789015
768,256,mlp_reg,20,0.71975,0.019943450756330392,0.9960416666666667,0.008996374757196906,0.27629166666666666,0.0169073358157329,1.5497059266125202,0.013664699387810742,0.24021992287527608,0.0038842531748211396,0.004459491159707435,0.0020116505508155445,0.003780595220239562,0.7110093973269734,0.7284906026730266,0.9920988315870682,0.9999845017462652,0.2688817000349971,0.2837016332983362,0.003055519672324458,0.0008685454140719442,1.5437171080547643,1.555694745170276,0.23851757386369507,0.24192227188685708
768,512,mlp_reg,20,0.724,0.01842798532870194,0.9999739583333334,0.00011646187382808432,0.2759739583333333,0.018395102376399835,8.254693903428128,0.09528482395960623,0.15271784212896805,0.0022177747854661514,0.0041206227883346346,2.6041666666660017e-05,0.004113269936669795,0.7159235793348641,0.7320764206651359,0.9999229166666667,1.000025,0.26791194925746054,0.2840359674092061,0.02130633435977802,0.0004959095179087327,8.212933488082964,8.296454318773293,0.15174585947386693,0.15368982478406917
768,768,mlp_reg,20,0.6983333333333334,0.0175719074042792,1.0,0.0,0.30166666666666664,0.017571907404279153,1356884938598999.5,19681778784089.57,0.11376769338728902,0.0013979757753145988,0.0039291979450300175,0.0,0.003929197945030006,0.6906321053610746,0.7060345613055922,1.0,1.0,0.29396543869440783,0.30936789463892544,4400979527933.743,0.00031259688645014154,1348259018724249.2,1365510858473749.8,0.11315500348984675,0.1143803832847313
64,16,mlp_wide,20,0.6797500000000001,0.03267452018019312,0.7047656250000001,0.030546389497308375,0.02501562499999997,0.024162277349235695,0.6003172846608384,0.023983072410539968,1.6081029281192785,0.049064869327457614,0.00730624482551005,0.006830380338316715,0.0054028494644094436,0.6654297601420004,0.6940702398579998,0.6913780795368993,0.7181531704631008,0.01442604004975746,0.03560520995024248,0.005362778021926711,0.01097123831233396,0.5898062397378621,0.6108283295838148,1.586599301027104,1.629606555211453
64,32,mlp_wide,20,0.7025,0.024203692145007415,0.7705989583333334,0.024611191540447,0.06809895833333328,0.030465441603257738,1.8466153623181722,0.08100040211512703,0.9302305204793961,0.022776597648882065,0.005412110094271427,0.005503229729170726,0.006812279838943448,0.691892264215228,0.713107735784772,0.7598126280641587,0.781385288602508,0.054746889849004124,0.08145102681766243,0.018112240533424178,0.005093002063906218,1.8111153708726608,1.8821153537636837,0.92024823643414,0.9402128045246523
64,64,mlp_wide,20,0.7745833333333334,0.025013885033006056,0.89453125,0.04259938097772869,0.11994791666666664,0.03674216739590671,17.084542671070473,0.8910970374033794,0.5726577940426866,0.009554729062992307,0.005593274731516611,0.009525511166561279,0.008215798393792382,0.7636205148595608,0.785546151807106,0.8758612481135399,0.9132012518864601,0.10384495181483357,0.1360508815184997,0.1992553550182629,0.0021365023691443667,16.694002175234676,17.47508316690627,0.5684702493991636,0.5768453386862096
64,128,mlp_wide,20,0.7698333333333334,0.024163792932585935,0.9854166666666666,0.023935677693908402,0.21558333333333332,0.034207399767161625,21.016396832658764,1.0811851324732202,0.36848865497854566,0.0049776199929813855,0.005403188359149114,0.005352180241110459,0.007649007121288387,0.7592430841494011,0.7804235825172656,0.9749263933940902,0.9959069399392431,0.20059127937560808,0.23057538729105856,0.24176034524722356,0.0011130296670468403,20.542546555974205,21.490247109343322,0.36630711683113387,0.37067019312595745
64,256,mlp_wide,20,0.7481666666666666,0.023754962547098114,0.9995572916666667,0.001446488156860811,0.251390625,0.02330762689041493,32.77282051036454,1.6598589869025588,0.23998098971791118,0.004284293303938163,0.005311771105827293,0.0003234445847389152,0.005211743812116983,0.7377555952992452,0.7585777380340881,0.9989233402805785,1.000191243052755,0.2411756071282507,0.26160564287174926,0.37115575277780544,0.0009579971063152898,32.04535523492004,33.50028578580904,0.23810331538953322,0.24185866404628914
64,512,mlp_wide,20,0.6725,0.026053812956852267,1.0,0.0,0.32749999999999996,0.026053812956852294,105.84469602299575,5.236737259982265,0.15314449261382465,0.002236621958696584,0.005825809684458646,0.0,0.0058258096844586525,0.661081413018461,0.683918586981539,1.0,1.0,0.316081413018461,0.3389185869815389,1.1709700493626332,0.0005001238739614289,103.54959472624499,108.1397973197465,0.15216424982086024,0.15412473540678906
64,768,mlp_wide,20,0.5864166666666667,0.023095751615612312,1.0,0.0,0.4135833333333333,0.02309575161561228,123920204458713.38,6014647357990.34,0.11365517530431964,0.0014025738362069284,0.0051643670603959725,0.0,0.005164367060395965,0.5762945072282906,0.5965388261050428,1.0,1.0,0.4034611738949572,0.4237054927717094,1344916035315.5913,0.00031362504412213476,121284169029494.81,126556239887931.94,0.11304047021784025,0.11426988039079902
256,16,mlp_wide,20,0.6760833333333334,0.01792834176929064,0.7060677083333333,0.02196961251457501,0.029984374999999962,0.02548757623174915,0.14508965029140222,0.0030281609694241232,1.5815172365596293,0.01870970147806351,0.004008899091998272,0.004912554702191981,0.005699195303589903,0.6682258911130168,0.68394077555365,0.696439101117037,0.7156963155496296,0.018813952204963753,0.04115479779503617,0.0006771173774444001,0.00418361643436783,0.1437625002316112,0.14641680035119325,1.5733173483482683,1.5897171247709903
256,32,mlp_wide,20,0.6877500000000001,0.021187515633349994,0.7491145833333334,0.021616383221403187,0.061364583333333264,0.02292874731421504,0.3111405829979862,0.0069208201744225106,0.9217218495441288,0.016512252505870323,0.00473767252305101,0.004833570231074341,0.0051270237633500556,0.6784641618548201,0.6970358381451801,0.7396407856804277,0.758588380986239,0.05131561675716716,0.07141354990949937,0.0015475424370060683,0.0036922519064767284,0.3081073998214543,0.3141737661745181,0.9144850358074345,0.9289586632808232
256,64,mlp_wide,20,0.708,0.02254041205121585,0.8353645833333333,0.025707782860409274,0.12736458333333328,0.02506843930733535,0.7467804915607577,0.018359405393830474,0.57493568265313,0.010110651883837373,0.005040189358737411,0.005748435002667912,0.005605473438102958,0.6981212288568747,0.7178787711431253,0.8240976507281041,0.8466315159385625,0.11637785539465148,0.13835131127201508,0.004105287848708124,0.0022608104909096673,0.7387341273772897,0.7548268557442256,0.5705044940909471,0.5793668712153129
256,128,mlp_wide,20,0.73325,0.018914048431527677,0.9759114583333334,0.026990327718309393,0.2426614583333333,0.026960468504444945,2.407676399317274,0.0811977853436063,0.3706858504389475,0.005481571476549983,0.004229309802261916,0.00603522075131366,0.006028544028118098,0.7249605527875665,0.7415394472124334,0.9640824256607586,0.9877404910059081,0.23084551203822182,0.25447740462844476,0.01815637676507398,0.0012257166445089655,2.3720899008577288,2.443262897776819,0.3682834458157099,0.37308825506218507
256,256,mlp_wide,20,0.7681666666666667,0.026273972623623194,0.99921875,0.00349385621484344,0.2310520833333333,0.024410958538063923,100.00714619242419,3.0452870487342283,0.23943256503598262,0.004371383635335877,0.005875038882538996,0.0007812500000000042,0.005458456268703981,0.7566515904568902,0.7796817428764431,0.9976875000000001,1.00075,0.2203535090466735,0.2417506576199931,0.6809468851969449,0.0009774710964341174,98.67249029743817,101.3418020874102,0.23751672168697174,0.2413484083849935
256,512,mlp_wide,20,0.7205,0.02794679573426739,1.0,0.0,0.27949999999999997,0.027946795734267352,330.6325019196439,10.051697554693465,0.15414315815318777,0.002321713889413253,0.006249093501512303,0.0,0.006249093501512294,0.7082517767370359,0.7327482232629642,1.0,1.0,0.2672517767370359,0.29174822326296407,2.2476279021563,0.0005191510081033463,326.22715123141757,335.03785260787026,0.15312562217730522,0.15516069412907033
256,768,mlp_wide,20,0.62725,0.02162462182341804,1.0,0.0,0.37275,0.02162462182341806,461656492118958.6,13866296896369.633,0.11441384146391749,0.0018464665175411607,0.004835412438488819,0.0,0.004835412438488823,0.6177725916205619,0.6367274083794381,1.0,1.0,0.3632725916205619,0.38222740837943814,3100598245647.6855,0.0004128824651399343,455579319557489.2,467733664680428.06,0.11360459183224322,0.11522309109559176
768,16,mlp_wide,20,0.644,0.02566313486751122,0.6701822916666667,0.02740555358794312,0.026182291666666642,0.02591760525585772,0.059768921403582885,0.0004311528199790269,1.5967952908554153,0.03752770145602751,0.005738451407950014,0.0061280680783654074,0.005795352716610369,0.632752635240418,0.655247364759582,0.6581712782330704,0.6821933051002629,0.014823400342110318,0.037541182991222964,9.640870141638337e-05,0.008391449149499535,0.059579960348806776,0.059957882458358994,1.5803480505223961,1.6132425311884344
768,32,mlp_wide,20,0.6706666666666667,0.022982322217367946,0.7314322916666667,0.030753212696331963,0.06076562499999995,0.02665343428119709,0.12158051804504433,0.0007984500541308646,0.922615194653037,0.018843681361927257,0.005139003475883842,0.006876627411550786,0.005959889088657994,0.6605942198539344,0.6807391134793991,0.7179541019400272,0.7449104813933062,0.049084242386230284,0.07244700761376961,0.0001785388597675,0.004213575247161516,0.12123058187990003,0.12193045421018862,0.9143565871686005,0.9308738021374735
768,64,mlp_wide,20,0.6909166666666666,0.028844587601803758,0.8348697916666667,0.044027639238890914,0.14395312499999996,0.04129790871249961,0.2558005951858257,0.0017001916914361475,0.5711696002042719,0.011213342691840468,0.006449845866058084,0.009844879422699718,0.009234493120972994,0.6782749687691928,0.7035583645641404,0.8155738279981753,0.8541657553351581,0.1258535184828929,0.16205273151710703,0.00038017441968315725,0.002507379651395576,0.2550554533232467,0.2565457370484047,0.5662551360875365,0.5760840643210072
768,128,mlp_wide,20,0.7086666666666667,0.025538641745837296,0.9607291666666666,0.039945037737360856,0.25206249999999997,0.04113768656856451,0.5626210285059041,0.004374017584162742,0.3702829764946373,0.007861880124395577,0.0057106138996706095,0.008931981974453326,0.00919866636043903,0.6974738634233123,0.719859469910021,0.9432224819967381,0.9782358513365952,0.23403311393353948,0.27009188606646045,0.0009780600652967298,0.0017579698389103013,0.5607040307779225,0.5645380262338857,0.3668373556103731,0.3737285973789015
768,256,mlp_wide,20,0.7252500000000001,0.02211265018593688,0.9998437499999999,0.0006987712429686859,0.27459374999999997,0.021935169441857107,1.5497059266125202,0.013664699387810742,0.24021992287527608,0.0038842531748211396,0.004944538897842823,0.00015625000000000036,0.004904852996996861,0.7155587037602281,0.734941296239772,0.9995375,1.0001499999999999,0.2649802381258861,0.2842072618741138,0.003055519672324458,0.0008685454140719442,1.5437171080547643,1.555694745170276,0.23851757386369507,0.24192227188685708
768,512,mlp_wide,20,0.7241666666666667,0.0169061738264544,1.0,0.0,0.27583333333333326,0.016906173826454405,8.254693903428128,0.09528482395960623,0.15271784212896805,0.0022177747854661514,0.003780335391537977,0.0,0.003780335391537978,0.7167572092992524,0.7315761240340811,1.0,1.0,0.2684238759659188,0.2832427907007477,0.02130633435977802,0.0004959095179087327,8.212933488082964,8.296454318773293,0.15174585947386693,0.15368982478406917
768,768,mlp_wide,20,0.6956666666666667,0.021140023292213334,1.0,0.0,0.3043333333333333,0.021140023292213317,1356884938598999.5,19681778784089.57,0.11376769338728902,0.0013979757753145988,0.004727052912731791,0.0,0.0047270529127317875,0.6864016429577123,0.704931690375621,1.0,1.0,0.29506830962437897,0.3135983570422876,4400979527933.743,0.00031259688645014154,1348259018724249.2,1365510858473749.8,0.11315500348984675,0.1143803832847313
